{"cameraMode":{"drawMode":0,"name":"Shaded","section":"Shading Mode"},"sceneLighting":false,"audioPlay":false,"sceneViewState":{"m_AlwaysRefresh":false,"showFog":true,"showSkybox":false,"showFlares":true,"showImageEffects":true,"showParticleSystems":true,"showVisualEffectGraphs":true,"m_FxEnabled":true},"in2DMode":false,"pivot":{"x":-20.86396026611328,"y":4.3372111320495609,"z":13.367520332336426},"rotation":{"x":-0.06681135296821594,"y":0.9135303497314453,"z":-0.36467406153678896,"w":-0.16736657917499543},"size":26.189809799194337,"orthographic":false}