{"cameraMode":{"drawMode":0,"name":"Shaded","section":"Shading Mode"},"sceneLighting":false,"audioPlay":false,"sceneViewState":{"m_AlwaysRefresh":false,"showFog":true,"showSkybox":false,"showFlares":true,"showImageEffects":true,"showParticleSystems":true,"showVisualEffectGraphs":true,"m_FxEnabled":true},"in2DMode":false,"pivot":{"x":0.03249196335673332,"y":0.006850269623100758,"z":-0.07915692031383515},"rotation":{"x":-0.0695095956325531,"y":0.6990616321563721,"z":-0.06859314441680908,"w":-0.7083710432052612},"size":0.09434939920902252,"orthographic":false}