{"cameraMode":{"drawMode":0,"name":"Shaded","section":"Shading Mode"},"sceneLighting":false,"audioPlay":false,"sceneViewState":{"m_AlwaysRefresh":false,"showFog":true,"showSkybox":false,"showFlares":true,"showImageEffects":true,"showParticleSystems":true,"showVisualEffectGraphs":true,"m_FxEnabled":true},"in2DMode":false,"pivot":{"x":-9.171781539916993,"y":2.0733399391174318,"z":1.3715341091156006},"rotation":{"x":-0.06681135296821594,"y":0.9135303497314453,"z":-0.36467406153678896,"w":-0.16736657917499543},"size":0.5573674440383911,"orthographic":false}