{"cameraMode":{"drawMode":0,"name":"Shaded","section":"Shading Mode"},"sceneLighting":false,"audioPlay":false,"sceneViewState":{"m_AlwaysRefresh":false,"showFog":true,"showSkybox":false,"showFlares":true,"showImageEffects":true,"showParticleSystems":true,"showVisualEffectGraphs":true,"m_FxEnabled":true},"in2DMode":false,"pivot":{"x":-5.296205043792725,"y":3.910114288330078,"z":-0.29634904861450198},"rotation":{"x":-0.06681135296821594,"y":0.9135303497314453,"z":-0.36467406153678896,"w":-0.16736657917499543},"size":16.628557205200197,"orthographic":false}