{"cameraMode":{"drawMode":0,"name":"Shaded","section":"Shading Mode"},"sceneLighting":false,"audioPlay":false,"sceneViewState":{"m_AlwaysRefresh":false,"showFog":false,"showSkybox":false,"showFlares":false,"showImageEffects":false,"showParticleSystems":false,"showVisualEffectGraphs":true,"m_FxEnabled":true},"in2DMode":false,"pivot":{"x":0.09443521499633789,"y":0.8220513463020325,"z":0.1886594295501709},"rotation":{"x":0.020894663408398629,"y":0.9662536978721619,"z":-0.2429308295249939,"w":0.0831093043088913},"size":1.015857219696045,"orthographic":false}